ISIN,Issue Date,Maturity Date,Coupon,Coupon Start Date
CA135087J546,10/5/2018,3/1/2024,2.250,3/1/2019
CA135087J967,4/5/2019,9/1/2024,1.500,9/1/2019
CA135087K528,10/11/2019,3/1/2025,1.250,3/1/2020
CA135087K940,4/3/2020,9/1/2025,0.500,9/1/2020
CA135087L518,10/9/2020,3/1/2026,0.250,3/1/2021
CA135087L930,4/16/2021,9/1/2026,1.000,9/1/2021
CA135087M847,10/15/2021,3/1/2027,1.250,3/1/2022
CA135087N837,5/13/2022,9/1/2027,2.750,9/1/2022
CA135087P576,10/21/2022,3/1/2028,3.500,3/1/2023
CA135087Q491,4/21/2023,9/1/2028,3.250,9/1/2023
CA135087Q988,10/13/2023,3/1/2029,4.000,3/1/2024
